Simulation Number,Dipole.photonEnergy,ExitSlit.openingHeight,PG.cFactor,Dipole.numberRays,M1.roughnessSubstrate,M1.roughnessCoating1,PremirrorM2.roughnessSubstrate,PremirrorM2.roughnessCoating1,PG.roughnessSubstrate,M3.roughnessSubstrate,M3.roughnessCoating1,KB1.roughnessSubstrate,KB1.roughnessCoating1,KB2.roughnessSubstrate,KB2.roughnessCoating1
0,500,0.1,5,50000,0,0,0,0,0,0,0,0,0,0,0
1,500,0.1,5,50000,0.3,0.3,0.3,0.3,0.3,0.3,0.3,0.3,0.3,0.3,0.3
2,500,0.1,5,50000,0.1,0.1,0,0,0,0,0,0,0,0,0
3,500,0.1,5,50000,0.3,0.3,0,0,0,0,0,0,0,0,0
4,500,0.1,5,50000,0.5,0.5,0,0,0,0,0,0,0,0,0
5,500,0.1,5,50000,1.5,1.5,0,0,0,0,0,0,0,0,0
6,500,0.1,5,50000,0,0,0.1,0.1,0,0,0,0,0,0,0
7,500,0.1,5,50000,0,0,0.3,0.3,0,0,0,0,0,0,0
8,500,0.1,5,50000,0,0,0.5,0.5,0,0,0,0,0,0,0
9,500,0.1,5,50000,0,0,1.5,1.5,0,0,0,0,0,0,0
10,500,0.1,5,50000,0,0,0,0,0.1,0,0,0,0,0,0
11,500,0.1,5,50000,0,0,0,0,0.3,0,0,0,0,0,0
12,500,0.1,5,50000,0,0,0,0,0.5,0,0,0,0,0,0
13,500,0.1,5,50000,0,0,0,0,1.5,0,0,0,0,0,0
14,500,0.1,5,50000,0,0,0,0,0,0.1,0.1,0,0,0,0
15,500,0.1,5,50000,0,0,0,0,0,0.3,0.3,0,0,0,0
16,500,0.1,5,50000,0,0,0,0,0,0.5,0.5,0,0,0,0
17,500,0.1,5,50000,0,0,0,0,0,1.5,1.5,0,0,0,0
18,500,0.1,5,50000,0,0,0,0,0,0,0,0.1,0.1,0,0
19,500,0.1,5,50000,0,0,0,0,0,0,0,0.3,0.3,0,0
20,500,0.1,5,50000,0,0,0,0,0,0,0,0.5,0.5,0,0
21,500,0.1,5,50000,0,0,0,0,0,0,0,1.5,1.5,0,0
22,500,0.1,5,50000,0,0,0,0,0,0,0,0,0,0.1,0.1
23,500,0.1,5,50000,0,0,0,0,0,0,0,0,0,0.3,0.3
24,500,0.1,5,50000,0,0,0,0,0,0,0,0,0,0.5,0.5
25,500,0.1,5,50000,0,0,0,0,0,0,0,0,0,1.5,1.5
26,500,0.05,5,50000,0,0,0,0,0,0,0,0,0,0,0
27,500,0.05,5,50000,0.3,0.3,0.3,0.3,0.3,0.3,0.3,0.3,0.3,0.3,0.3
28,500,0.05,5,50000,0.1,0.1,0,0,0,0,0,0,0,0,0
29,500,0.05,5,50000,0.3,0.3,0,0,0,0,0,0,0,0,0
30,500,0.05,5,50000,0.5,0.5,0,0,0,0,0,0,0,0,0
31,500,0.05,5,50000,1.5,1.5,0,0,0,0,0,0,0,0,0
32,500,0.05,5,50000,0,0,0.1,0.1,0,0,0,0,0,0,0
33,500,0.05,5,50000,0,0,0.3,0.3,0,0,0,0,0,0,0
34,500,0.05,5,50000,0,0,0.5,0.5,0,0,0,0,0,0,0
35,500,0.05,5,50000,0,0,1.5,1.5,0,0,0,0,0,0,0
36,500,0.05,5,50000,0,0,0,0,0.1,0,0,0,0,0,0
37,500,0.05,5,50000,0,0,0,0,0.3,0,0,0,0,0,0
38,500,0.05,5,50000,0,0,0,0,0.5,0,0,0,0,0,0
39,500,0.05,5,50000,0,0,0,0,1.5,0,0,0,0,0,0
40,500,0.05,5,50000,0,0,0,0,0,0.1,0.1,0,0,0,0
41,500,0.05,5,50000,0,0,0,0,0,0.3,0.3,0,0,0,0
42,500,0.05,5,50000,0,0,0,0,0,0.5,0.5,0,0,0,0
43,500,0.05,5,50000,0,0,0,0,0,1.5,1.5,0,0,0,0
44,500,0.05,5,50000,0,0,0,0,0,0,0,0.1,0.1,0,0
45,500,0.05,5,50000,0,0,0,0,0,0,0,0.3,0.3,0,0
46,500,0.05,5,50000,0,0,0,0,0,0,0,0.5,0.5,0,0
47,500,0.05,5,50000,0,0,0,0,0,0,0,1.5,1.5,0,0
48,500,0.05,5,50000,0,0,0,0,0,0,0,0,0,0.1,0.1
49,500,0.05,5,50000,0,0,0,0,0,0,0,0,0,0.3,0.3
50,500,0.05,5,50000,0,0,0,0,0,0,0,0,0,0.5,0.5
51,500,0.05,5,50000,0,0,0,0,0,0,0,0,0,1.5,1.5
52,750,0.1,5,50000,0,0,0,0,0,0,0,0,0,0,0
53,750,0.1,5,50000,0.3,0.3,0.3,0.3,0.3,0.3,0.3,0.3,0.3,0.3,0.3
54,750,0.1,5,50000,0.1,0.1,0,0,0,0,0,0,0,0,0
55,750,0.1,5,50000,0.3,0.3,0,0,0,0,0,0,0,0,0
56,750,0.1,5,50000,0.5,0.5,0,0,0,0,0,0,0,0,0
57,750,0.1,5,50000,1.5,1.5,0,0,0,0,0,0,0,0,0
58,750,0.1,5,50000,0,0,0.1,0.1,0,0,0,0,0,0,0
59,750,0.1,5,50000,0,0,0.3,0.3,0,0,0,0,0,0,0
60,750,0.1,5,50000,0,0,0.5,0.5,0,0,0,0,0,0,0
61,750,0.1,5,50000,0,0,1.5,1.5,0,0,0,0,0,0,0
62,750,0.1,5,50000,0,0,0,0,0.1,0,0,0,0,0,0
63,750,0.1,5,50000,0,0,0,0,0.3,0,0,0,0,0,0
64,750,0.1,5,50000,0,0,0,0,0.5,0,0,0,0,0,0
65,750,0.1,5,50000,0,0,0,0,1.5,0,0,0,0,0,0
66,750,0.1,5,50000,0,0,0,0,0,0.1,0.1,0,0,0,0
67,750,0.1,5,50000,0,0,0,0,0,0.3,0.3,0,0,0,0
68,750,0.1,5,50000,0,0,0,0,0,0.5,0.5,0,0,0,0
69,750,0.1,5,50000,0,0,0,0,0,1.5,1.5,0,0,0,0
70,750,0.1,5,50000,0,0,0,0,0,0,0,0.1,0.1,0,0
71,750,0.1,5,50000,0,0,0,0,0,0,0,0.3,0.3,0,0
72,750,0.1,5,50000,0,0,0,0,0,0,0,0.5,0.5,0,0
73,750,0.1,5,50000,0,0,0,0,0,0,0,1.5,1.5,0,0
74,750,0.1,5,50000,0,0,0,0,0,0,0,0,0,0.1,0.1
75,750,0.1,5,50000,0,0,0,0,0,0,0,0,0,0.3,0.3
76,750,0.1,5,50000,0,0,0,0,0,0,0,0,0,0.5,0.5
77,750,0.1,5,50000,0,0,0,0,0,0,0,0,0,1.5,1.5
78,750,0.05,5,50000,0,0,0,0,0,0,0,0,0,0,0
79,750,0.05,5,50000,0.3,0.3,0.3,0.3,0.3,0.3,0.3,0.3,0.3,0.3,0.3
80,750,0.05,5,50000,0.1,0.1,0,0,0,0,0,0,0,0,0
81,750,0.05,5,50000,0.3,0.3,0,0,0,0,0,0,0,0,0
82,750,0.05,5,50000,0.5,0.5,0,0,0,0,0,0,0,0,0
83,750,0.05,5,50000,1.5,1.5,0,0,0,0,0,0,0,0,0
84,750,0.05,5,50000,0,0,0.1,0.1,0,0,0,0,0,0,0
85,750,0.05,5,50000,0,0,0.3,0.3,0,0,0,0,0,0,0
86,750,0.05,5,50000,0,0,0.5,0.5,0,0,0,0,0,0,0
87,750,0.05,5,50000,0,0,1.5,1.5,0,0,0,0,0,0,0
88,750,0.05,5,50000,0,0,0,0,0.1,0,0,0,0,0,0
89,750,0.05,5,50000,0,0,0,0,0.3,0,0,0,0,0,0
90,750,0.05,5,50000,0,0,0,0,0.5,0,0,0,0,0,0
91,750,0.05,5,50000,0,0,0,0,1.5,0,0,0,0,0,0
92,750,0.05,5,50000,0,0,0,0,0,0.1,0.1,0,0,0,0
93,750,0.05,5,50000,0,0,0,0,0,0.3,0.3,0,0,0,0
94,750,0.05,5,50000,0,0,0,0,0,0.5,0.5,0,0,0,0
95,750,0.05,5,50000,0,0,0,0,0,1.5,1.5,0,0,0,0
96,750,0.05,5,50000,0,0,0,0,0,0,0,0.1,0.1,0,0
97,750,0.05,5,50000,0,0,0,0,0,0,0,0.3,0.3,0,0
98,750,0.05,5,50000,0,0,0,0,0,0,0,0.5,0.5,0,0
99,750,0.05,5,50000,0,0,0,0,0,0,0,1.5,1.5,0,0
100,750,0.05,5,50000,0,0,0,0,0,0,0,0,0,0.1,0.1
101,750,0.05,5,50000,0,0,0,0,0,0,0,0,0,0.3,0.3
102,750,0.05,5,50000,0,0,0,0,0,0,0,0,0,0.5,0.5
103,750,0.05,5,50000,0,0,0,0,0,0,0,0,0,1.5,1.5
104,1000,0.1,5,50000,0,0,0,0,0,0,0,0,0,0,0
105,1000,0.1,5,50000,0.3,0.3,0.3,0.3,0.3,0.3,0.3,0.3,0.3,0.3,0.3
106,1000,0.1,5,50000,0.1,0.1,0,0,0,0,0,0,0,0,0
107,1000,0.1,5,50000,0.3,0.3,0,0,0,0,0,0,0,0,0
108,1000,0.1,5,50000,0.5,0.5,0,0,0,0,0,0,0,0,0
109,1000,0.1,5,50000,1.5,1.5,0,0,0,0,0,0,0,0,0
110,1000,0.1,5,50000,0,0,0.1,0.1,0,0,0,0,0,0,0
111,1000,0.1,5,50000,0,0,0.3,0.3,0,0,0,0,0,0,0
112,1000,0.1,5,50000,0,0,0.5,0.5,0,0,0,0,0,0,0
113,1000,0.1,5,50000,0,0,1.5,1.5,0,0,0,0,0,0,0
114,1000,0.1,5,50000,0,0,0,0,0.1,0,0,0,0,0,0
115,1000,0.1,5,50000,0,0,0,0,0.3,0,0,0,0,0,0
116,1000,0.1,5,50000,0,0,0,0,0.5,0,0,0,0,0,0
117,1000,0.1,5,50000,0,0,0,0,1.5,0,0,0,0,0,0
118,1000,0.1,5,50000,0,0,0,0,0,0.1,0.1,0,0,0,0
119,1000,0.1,5,50000,0,0,0,0,0,0.3,0.3,0,0,0,0
120,1000,0.1,5,50000,0,0,0,0,0,0.5,0.5,0,0,0,0
121,1000,0.1,5,50000,0,0,0,0,0,1.5,1.5,0,0,0,0
122,1000,0.1,5,50000,0,0,0,0,0,0,0,0.1,0.1,0,0
123,1000,0.1,5,50000,0,0,0,0,0,0,0,0.3,0.3,0,0
124,1000,0.1,5,50000,0,0,0,0,0,0,0,0.5,0.5,0,0
125,1000,0.1,5,50000,0,0,0,0,0,0,0,1.5,1.5,0,0
126,1000,0.1,5,50000,0,0,0,0,0,0,0,0,0,0.1,0.1
127,1000,0.1,5,50000,0,0,0,0,0,0,0,0,0,0.3,0.3
128,1000,0.1,5,50000,0,0,0,0,0,0,0,0,0,0.5,0.5
129,1000,0.1,5,50000,0,0,0,0,0,0,0,0,0,1.5,1.5
130,1000,0.05,5,50000,0,0,0,0,0,0,0,0,0,0,0
131,1000,0.05,5,50000,0.3,0.3,0.3,0.3,0.3,0.3,0.3,0.3,0.3,0.3,0.3
132,1000,0.05,5,50000,0.1,0.1,0,0,0,0,0,0,0,0,0
133,1000,0.05,5,50000,0.3,0.3,0,0,0,0,0,0,0,0,0
134,1000,0.05,5,50000,0.5,0.5,0,0,0,0,0,0,0,0,0
135,1000,0.05,5,50000,1.5,1.5,0,0,0,0,0,0,0,0,0
136,1000,0.05,5,50000,0,0,0.1,0.1,0,0,0,0,0,0,0
137,1000,0.05,5,50000,0,0,0.3,0.3,0,0,0,0,0,0,0
138,1000,0.05,5,50000,0,0,0.5,0.5,0,0,0,0,0,0,0
139,1000,0.05,5,50000,0,0,1.5,1.5,0,0,0,0,0,0,0
140,1000,0.05,5,50000,0,0,0,0,0.1,0,0,0,0,0,0
141,1000,0.05,5,50000,0,0,0,0,0.3,0,0,0,0,0,0
142,1000,0.05,5,50000,0,0,0,0,0.5,0,0,0,0,0,0
143,1000,0.05,5,50000,0,0,0,0,1.5,0,0,0,0,0,0
144,1000,0.05,5,50000,0,0,0,0,0,0.1,0.1,0,0,0,0
145,1000,0.05,5,50000,0,0,0,0,0,0.3,0.3,0,0,0,0
146,1000,0.05,5,50000,0,0,0,0,0,0.5,0.5,0,0,0,0
147,1000,0.05,5,50000,0,0,0,0,0,1.5,1.5,0,0,0,0
148,1000,0.05,5,50000,0,0,0,0,0,0,0,0.1,0.1,0,0
149,1000,0.05,5,50000,0,0,0,0,0,0,0,0.3,0.3,0,0
150,1000,0.05,5,50000,0,0,0,0,0,0,0,0.5,0.5,0,0
151,1000,0.05,5,50000,0,0,0,0,0,0,0,1.5,1.5,0,0
152,1000,0.05,5,50000,0,0,0,0,0,0,0,0,0,0.1,0.1
153,1000,0.05,5,50000,0,0,0,0,0,0,0,0,0,0.3,0.3
154,1000,0.05,5,50000,0,0,0,0,0,0,0,0,0,0.5,0.5
155,1000,0.05,5,50000,0,0,0,0,0,0,0,0,0,1.5,1.5
156,1250,0.1,5,50000,0,0,0,0,0,0,0,0,0,0,0
157,1250,0.1,5,50000,0.3,0.3,0.3,0.3,0.3,0.3,0.3,0.3,0.3,0.3,0.3
158,1250,0.1,5,50000,0.1,0.1,0,0,0,0,0,0,0,0,0
159,1250,0.1,5,50000,0.3,0.3,0,0,0,0,0,0,0,0,0
160,1250,0.1,5,50000,0.5,0.5,0,0,0,0,0,0,0,0,0
161,1250,0.1,5,50000,1.5,1.5,0,0,0,0,0,0,0,0,0
162,1250,0.1,5,50000,0,0,0.1,0.1,0,0,0,0,0,0,0
163,1250,0.1,5,50000,0,0,0.3,0.3,0,0,0,0,0,0,0
164,1250,0.1,5,50000,0,0,0.5,0.5,0,0,0,0,0,0,0
165,1250,0.1,5,50000,0,0,1.5,1.5,0,0,0,0,0,0,0
166,1250,0.1,5,50000,0,0,0,0,0.1,0,0,0,0,0,0
167,1250,0.1,5,50000,0,0,0,0,0.3,0,0,0,0,0,0
168,1250,0.1,5,50000,0,0,0,0,0.5,0,0,0,0,0,0
169,1250,0.1,5,50000,0,0,0,0,1.5,0,0,0,0,0,0
170,1250,0.1,5,50000,0,0,0,0,0,0.1,0.1,0,0,0,0
171,1250,0.1,5,50000,0,0,0,0,0,0.3,0.3,0,0,0,0
172,1250,0.1,5,50000,0,0,0,0,0,0.5,0.5,0,0,0,0
173,1250,0.1,5,50000,0,0,0,0,0,1.5,1.5,0,0,0,0
174,1250,0.1,5,50000,0,0,0,0,0,0,0,0.1,0.1,0,0
175,1250,0.1,5,50000,0,0,0,0,0,0,0,0.3,0.3,0,0
176,1250,0.1,5,50000,0,0,0,0,0,0,0,0.5,0.5,0,0
177,1250,0.1,5,50000,0,0,0,0,0,0,0,1.5,1.5,0,0
178,1250,0.1,5,50000,0,0,0,0,0,0,0,0,0,0.1,0.1
179,1250,0.1,5,50000,0,0,0,0,0,0,0,0,0,0.3,0.3
180,1250,0.1,5,50000,0,0,0,0,0,0,0,0,0,0.5,0.5
181,1250,0.1,5,50000,0,0,0,0,0,0,0,0,0,1.5,1.5
182,1250,0.05,5,50000,0,0,0,0,0,0,0,0,0,0,0
183,1250,0.05,5,50000,0.3,0.3,0.3,0.3,0.3,0.3,0.3,0.3,0.3,0.3,0.3
184,1250,0.05,5,50000,0.1,0.1,0,0,0,0,0,0,0,0,0
185,1250,0.05,5,50000,0.3,0.3,0,0,0,0,0,0,0,0,0
186,1250,0.05,5,50000,0.5,0.5,0,0,0,0,0,0,0,0,0
187,1250,0.05,5,50000,1.5,1.5,0,0,0,0,0,0,0,0,0
188,1250,0.05,5,50000,0,0,0.1,0.1,0,0,0,0,0,0,0
189,1250,0.05,5,50000,0,0,0.3,0.3,0,0,0,0,0,0,0
190,1250,0.05,5,50000,0,0,0.5,0.5,0,0,0,0,0,0,0
191,1250,0.05,5,50000,0,0,1.5,1.5,0,0,0,0,0,0,0
192,1250,0.05,5,50000,0,0,0,0,0.1,0,0,0,0,0,0
193,1250,0.05,5,50000,0,0,0,0,0.3,0,0,0,0,0,0
194,1250,0.05,5,50000,0,0,0,0,0.5,0,0,0,0,0,0
195,1250,0.05,5,50000,0,0,0,0,1.5,0,0,0,0,0,0
196,1250,0.05,5,50000,0,0,0,0,0,0.1,0.1,0,0,0,0
197,1250,0.05,5,50000,0,0,0,0,0,0.3,0.3,0,0,0,0
198,1250,0.05,5,50000,0,0,0,0,0,0.5,0.5,0,0,0,0
199,1250,0.05,5,50000,0,0,0,0,0,1.5,1.5,0,0,0,0
200,1250,0.05,5,50000,0,0,0,0,0,0,0,0.1,0.1,0,0
201,1250,0.05,5,50000,0,0,0,0,0,0,0,0.3,0.3,0,0
202,1250,0.05,5,50000,0,0,0,0,0,0,0,0.5,0.5,0,0
203,1250,0.05,5,50000,0,0,0,0,0,0,0,1.5,1.5,0,0
204,1250,0.05,5,50000,0,0,0,0,0,0,0,0,0,0.1,0.1
205,1250,0.05,5,50000,0,0,0,0,0,0,0,0,0,0.3,0.3
206,1250,0.05,5,50000,0,0,0,0,0,0,0,0,0,0.5,0.5
207,1250,0.05,5,50000,0,0,0,0,0,0,0,0,0,1.5,1.5
208,1500,0.1,5,50000,0,0,0,0,0,0,0,0,0,0,0
209,1500,0.1,5,50000,0.3,0.3,0.3,0.3,0.3,0.3,0.3,0.3,0.3,0.3,0.3
210,1500,0.1,5,50000,0.1,0.1,0,0,0,0,0,0,0,0,0
211,1500,0.1,5,50000,0.3,0.3,0,0,0,0,0,0,0,0,0
212,1500,0.1,5,50000,0.5,0.5,0,0,0,0,0,0,0,0,0
213,1500,0.1,5,50000,1.5,1.5,0,0,0,0,0,0,0,0,0
214,1500,0.1,5,50000,0,0,0.1,0.1,0,0,0,0,0,0,0
215,1500,0.1,5,50000,0,0,0.3,0.3,0,0,0,0,0,0,0
216,1500,0.1,5,50000,0,0,0.5,0.5,0,0,0,0,0,0,0
217,1500,0.1,5,50000,0,0,1.5,1.5,0,0,0,0,0,0,0
218,1500,0.1,5,50000,0,0,0,0,0.1,0,0,0,0,0,0
219,1500,0.1,5,50000,0,0,0,0,0.3,0,0,0,0,0,0
220,1500,0.1,5,50000,0,0,0,0,0.5,0,0,0,0,0,0
221,1500,0.1,5,50000,0,0,0,0,1.5,0,0,0,0,0,0
222,1500,0.1,5,50000,0,0,0,0,0,0.1,0.1,0,0,0,0
223,1500,0.1,5,50000,0,0,0,0,0,0.3,0.3,0,0,0,0
224,1500,0.1,5,50000,0,0,0,0,0,0.5,0.5,0,0,0,0
225,1500,0.1,5,50000,0,0,0,0,0,1.5,1.5,0,0,0,0
226,1500,0.1,5,50000,0,0,0,0,0,0,0,0.1,0.1,0,0
227,1500,0.1,5,50000,0,0,0,0,0,0,0,0.3,0.3,0,0
228,1500,0.1,5,50000,0,0,0,0,0,0,0,0.5,0.5,0,0
229,1500,0.1,5,50000,0,0,0,0,0,0,0,1.5,1.5,0,0
230,1500,0.1,5,50000,0,0,0,0,0,0,0,0,0,0.1,0.1
231,1500,0.1,5,50000,0,0,0,0,0,0,0,0,0,0.3,0.3
232,1500,0.1,5,50000,0,0,0,0,0,0,0,0,0,0.5,0.5
233,1500,0.1,5,50000,0,0,0,0,0,0,0,0,0,1.5,1.5
234,1500,0.05,5,50000,0,0,0,0,0,0,0,0,0,0,0
235,1500,0.05,5,50000,0.3,0.3,0.3,0.3,0.3,0.3,0.3,0.3,0.3,0.3,0.3
236,1500,0.05,5,50000,0.1,0.1,0,0,0,0,0,0,0,0,0
237,1500,0.05,5,50000,0.3,0.3,0,0,0,0,0,0,0,0,0
238,1500,0.05,5,50000,0.5,0.5,0,0,0,0,0,0,0,0,0
239,1500,0.05,5,50000,1.5,1.5,0,0,0,0,0,0,0,0,0
240,1500,0.05,5,50000,0,0,0.1,0.1,0,0,0,0,0,0,0
241,1500,0.05,5,50000,0,0,0.3,0.3,0,0,0,0,0,0,0
242,1500,0.05,5,50000,0,0,0.5,0.5,0,0,0,0,0,0,0
243,1500,0.05,5,50000,0,0,1.5,1.5,0,0,0,0,0,0,0
244,1500,0.05,5,50000,0,0,0,0,0.1,0,0,0,0,0,0
245,1500,0.05,5,50000,0,0,0,0,0.3,0,0,0,0,0,0
246,1500,0.05,5,50000,0,0,0,0,0.5,0,0,0,0,0,0
247,1500,0.05,5,50000,0,0,0,0,1.5,0,0,0,0,0,0
248,1500,0.05,5,50000,0,0,0,0,0,0.1,0.1,0,0,0,0
249,1500,0.05,5,50000,0,0,0,0,0,0.3,0.3,0,0,0,0
250,1500,0.05,5,50000,0,0,0,0,0,0.5,0.5,0,0,0,0
251,1500,0.05,5,50000,0,0,0,0,0,1.5,1.5,0,0,0,0
252,1500,0.05,5,50000,0,0,0,0,0,0,0,0.1,0.1,0,0
253,1500,0.05,5,50000,0,0,0,0,0,0,0,0.3,0.3,0,0
254,1500,0.05,5,50000,0,0,0,0,0,0,0,0.5,0.5,0,0
255,1500,0.05,5,50000,0,0,0,0,0,0,0,1.5,1.5,0,0
256,1500,0.05,5,50000,0,0,0,0,0,0,0,0,0,0.1,0.1
257,1500,0.05,5,50000,0,0,0,0,0,0,0,0,0,0.3,0.3
258,1500,0.05,5,50000,0,0,0,0,0,0,0,0,0,0.5,0.5
259,1500,0.05,5,50000,0,0,0,0,0,0,0,0,0,1.5,1.5
260,1750,0.1,5,50000,0,0,0,0,0,0,0,0,0,0,0
261,1750,0.1,5,50000,0.3,0.3,0.3,0.3,0.3,0.3,0.3,0.3,0.3,0.3,0.3
262,1750,0.1,5,50000,0.1,0.1,0,0,0,0,0,0,0,0,0
263,1750,0.1,5,50000,0.3,0.3,0,0,0,0,0,0,0,0,0
264,1750,0.1,5,50000,0.5,0.5,0,0,0,0,0,0,0,0,0
265,1750,0.1,5,50000,1.5,1.5,0,0,0,0,0,0,0,0,0
266,1750,0.1,5,50000,0,0,0.1,0.1,0,0,0,0,0,0,0
267,1750,0.1,5,50000,0,0,0.3,0.3,0,0,0,0,0,0,0
268,1750,0.1,5,50000,0,0,0.5,0.5,0,0,0,0,0,0,0
269,1750,0.1,5,50000,0,0,1.5,1.5,0,0,0,0,0,0,0
270,1750,0.1,5,50000,0,0,0,0,0.1,0,0,0,0,0,0
271,1750,0.1,5,50000,0,0,0,0,0.3,0,0,0,0,0,0
272,1750,0.1,5,50000,0,0,0,0,0.5,0,0,0,0,0,0
273,1750,0.1,5,50000,0,0,0,0,1.5,0,0,0,0,0,0
274,1750,0.1,5,50000,0,0,0,0,0,0.1,0.1,0,0,0,0
275,1750,0.1,5,50000,0,0,0,0,0,0.3,0.3,0,0,0,0
276,1750,0.1,5,50000,0,0,0,0,0,0.5,0.5,0,0,0,0
277,1750,0.1,5,50000,0,0,0,0,0,1.5,1.5,0,0,0,0
278,1750,0.1,5,50000,0,0,0,0,0,0,0,0.1,0.1,0,0
279,1750,0.1,5,50000,0,0,0,0,0,0,0,0.3,0.3,0,0
280,1750,0.1,5,50000,0,0,0,0,0,0,0,0.5,0.5,0,0
281,1750,0.1,5,50000,0,0,0,0,0,0,0,1.5,1.5,0,0
282,1750,0.1,5,50000,0,0,0,0,0,0,0,0,0,0.1,0.1
283,1750,0.1,5,50000,0,0,0,0,0,0,0,0,0,0.3,0.3
284,1750,0.1,5,50000,0,0,0,0,0,0,0,0,0,0.5,0.5
285,1750,0.1,5,50000,0,0,0,0,0,0,0,0,0,1.5,1.5
286,1750,0.05,5,50000,0,0,0,0,0,0,0,0,0,0,0
287,1750,0.05,5,50000,0.3,0.3,0.3,0.3,0.3,0.3,0.3,0.3,0.3,0.3,0.3
288,1750,0.05,5,50000,0.1,0.1,0,0,0,0,0,0,0,0,0
289,1750,0.05,5,50000,0.3,0.3,0,0,0,0,0,0,0,0,0
290,1750,0.05,5,50000,0.5,0.5,0,0,0,0,0,0,0,0,0
291,1750,0.05,5,50000,1.5,1.5,0,0,0,0,0,0,0,0,0
292,1750,0.05,5,50000,0,0,0.1,0.1,0,0,0,0,0,0,0
293,1750,0.05,5,50000,0,0,0.3,0.3,0,0,0,0,0,0,0
294,1750,0.05,5,50000,0,0,0.5,0.5,0,0,0,0,0,0,0
295,1750,0.05,5,50000,0,0,1.5,1.5,0,0,0,0,0,0,0
296,1750,0.05,5,50000,0,0,0,0,0.1,0,0,0,0,0,0
297,1750,0.05,5,50000,0,0,0,0,0.3,0,0,0,0,0,0
298,1750,0.05,5,50000,0,0,0,0,0.5,0,0,0,0,0,0
299,1750,0.05,5,50000,0,0,0,0,1.5,0,0,0,0,0,0
300,1750,0.05,5,50000,0,0,0,0,0,0.1,0.1,0,0,0,0
301,1750,0.05,5,50000,0,0,0,0,0,0.3,0.3,0,0,0,0
302,1750,0.05,5,50000,0,0,0,0,0,0.5,0.5,0,0,0,0
303,1750,0.05,5,50000,0,0,0,0,0,1.5,1.5,0,0,0,0
304,1750,0.05,5,50000,0,0,0,0,0,0,0,0.1,0.1,0,0
305,1750,0.05,5,50000,0,0,0,0,0,0,0,0.3,0.3,0,0
306,1750,0.05,5,50000,0,0,0,0,0,0,0,0.5,0.5,0,0
307,1750,0.05,5,50000,0,0,0,0,0,0,0,1.5,1.5,0,0
308,1750,0.05,5,50000,0,0,0,0,0,0,0,0,0,0.1,0.1
309,1750,0.05,5,50000,0,0,0,0,0,0,0,0,0,0.3,0.3
310,1750,0.05,5,50000,0,0,0,0,0,0,0,0,0,0.5,0.5
311,1750,0.05,5,50000,0,0,0,0,0,0,0,0,0,1.5,1.5
312,2000,0.1,5,50000,0,0,0,0,0,0,0,0,0,0,0
313,2000,0.1,5,50000,0.3,0.3,0.3,0.3,0.3,0.3,0.3,0.3,0.3,0.3,0.3
314,2000,0.1,5,50000,0.1,0.1,0,0,0,0,0,0,0,0,0
315,2000,0.1,5,50000,0.3,0.3,0,0,0,0,0,0,0,0,0
316,2000,0.1,5,50000,0.5,0.5,0,0,0,0,0,0,0,0,0
317,2000,0.1,5,50000,1.5,1.5,0,0,0,0,0,0,0,0,0
318,2000,0.1,5,50000,0,0,0.1,0.1,0,0,0,0,0,0,0
319,2000,0.1,5,50000,0,0,0.3,0.3,0,0,0,0,0,0,0
320,2000,0.1,5,50000,0,0,0.5,0.5,0,0,0,0,0,0,0
321,2000,0.1,5,50000,0,0,1.5,1.5,0,0,0,0,0,0,0
322,2000,0.1,5,50000,0,0,0,0,0.1,0,0,0,0,0,0
323,2000,0.1,5,50000,0,0,0,0,0.3,0,0,0,0,0,0
324,2000,0.1,5,50000,0,0,0,0,0.5,0,0,0,0,0,0
325,2000,0.1,5,50000,0,0,0,0,1.5,0,0,0,0,0,0
326,2000,0.1,5,50000,0,0,0,0,0,0.1,0.1,0,0,0,0
327,2000,0.1,5,50000,0,0,0,0,0,0.3,0.3,0,0,0,0
328,2000,0.1,5,50000,0,0,0,0,0,0.5,0.5,0,0,0,0
329,2000,0.1,5,50000,0,0,0,0,0,1.5,1.5,0,0,0,0
330,2000,0.1,5,50000,0,0,0,0,0,0,0,0.1,0.1,0,0
331,2000,0.1,5,50000,0,0,0,0,0,0,0,0.3,0.3,0,0
332,2000,0.1,5,50000,0,0,0,0,0,0,0,0.5,0.5,0,0
333,2000,0.1,5,50000,0,0,0,0,0,0,0,1.5,1.5,0,0
334,2000,0.1,5,50000,0,0,0,0,0,0,0,0,0,0.1,0.1
335,2000,0.1,5,50000,0,0,0,0,0,0,0,0,0,0.3,0.3
336,2000,0.1,5,50000,0,0,0,0,0,0,0,0,0,0.5,0.5
337,2000,0.1,5,50000,0,0,0,0,0,0,0,0,0,1.5,1.5
338,2000,0.05,5,50000,0,0,0,0,0,0,0,0,0,0,0
339,2000,0.05,5,50000,0.3,0.3,0.3,0.3,0.3,0.3,0.3,0.3,0.3,0.3,0.3
340,2000,0.05,5,50000,0.1,0.1,0,0,0,0,0,0,0,0,0
341,2000,0.05,5,50000,0.3,0.3,0,0,0,0,0,0,0,0,0
342,2000,0.05,5,50000,0.5,0.5,0,0,0,0,0,0,0,0,0
343,2000,0.05,5,50000,1.5,1.5,0,0,0,0,0,0,0,0,0
344,2000,0.05,5,50000,0,0,0.1,0.1,0,0,0,0,0,0,0
345,2000,0.05,5,50000,0,0,0.3,0.3,0,0,0,0,0,0,0
346,2000,0.05,5,50000,0,0,0.5,0.5,0,0,0,0,0,0,0
347,2000,0.05,5,50000,0,0,1.5,1.5,0,0,0,0,0,0,0
348,2000,0.05,5,50000,0,0,0,0,0.1,0,0,0,0,0,0
349,2000,0.05,5,50000,0,0,0,0,0.3,0,0,0,0,0,0
350,2000,0.05,5,50000,0,0,0,0,0.5,0,0,0,0,0,0
351,2000,0.05,5,50000,0,0,0,0,1.5,0,0,0,0,0,0
352,2000,0.05,5,50000,0,0,0,0,0,0.1,0.1,0,0,0,0
353,2000,0.05,5,50000,0,0,0,0,0,0.3,0.3,0,0,0,0
354,2000,0.05,5,50000,0,0,0,0,0,0.5,0.5,0,0,0,0
355,2000,0.05,5,50000,0,0,0,0,0,1.5,1.5,0,0,0,0
356,2000,0.05,5,50000,0,0,0,0,0,0,0,0.1,0.1,0,0
357,2000,0.05,5,50000,0,0,0,0,0,0,0,0.3,0.3,0,0
358,2000,0.05,5,50000,0,0,0,0,0,0,0,0.5,0.5,0,0
359,2000,0.05,5,50000,0,0,0,0,0,0,0,1.5,1.5,0,0
360,2000,0.05,5,50000,0,0,0,0,0,0,0,0,0,0.1,0.1
361,2000,0.05,5,50000,0,0,0,0,0,0,0,0,0,0.3,0.3
362,2000,0.05,5,50000,0,0,0,0,0,0,0,0,0,0.5,0.5
363,2000,0.05,5,50000,0,0,0,0,0,0,0,0,0,1.5,1.5
